{
  "crs": "EPSG:3857",
  "xmin": 243561.98471503364,
  "ymin": 6341628.897183627,
  "xmax": 735716.7669119453,
  "ymax": 6737289.494326922,
  "width_px": 3510,
  "height_px": 2821
}